UR_id,dataset,split,n_sources,theta,method,sources_explored,shipping_time_total,shipping_rows_total,local_time_total,method_time_total,rows_final,coverage_final,penalty_final,runtime_total
20,MATHE,random_10,10,0.7,method1_full_scan,10,0.05623729198850924,20255,21.479059252007573,21.535296543996083,10,0.9166666666666666,0.5650793650793651,21.558967113494873
20,MATHE,random_10,10,0.7,method1_full_scan_stats,1,0.0066910829991684295,2026,0.4232602499978384,0.42995133299700683,10,0.9166666666666666,0.4888888888888889,0.44542884826660156
20,MATHE,random_10,10,0.8,method1_full_scan,10,0.05463921000045957,20255,21.321747122019588,21.376386332020047,10,0.9166666666666666,0.5650793650793651,21.388575077056885
20,MATHE,random_10,10,0.8,method1_full_scan_stats,1,0.0048318330009351484,2026,0.4116922079992946,0.41652404100022977,10,0.9166666666666666,0.4888888888888889,0.43300509452819824
20,MATHE,random_10,10,0.9,method1_full_scan,10,0.052601459981815424,20255,20.966384542014566,21.01898600199638,10,0.9166666666666666,0.5650793650793651,21.029173851013184
20,MATHE,random_10,10,0.9,method1_full_scan_stats,1,0.0046287500008475035,2026,0.41264558399416273,0.41727433399501024,10,0.9166666666666666,0.4888888888888889,0.4326610565185547
20,MATHE,random_100,100,0.7,method1_full_scan,100,0.24692628900083946,20255,21.823080959038634,22.070007248039474,10,0.9166666666666666,0.5650793650793651,22.127236127853394
20,MATHE,random_100,100,0.7,method1_full_scan_stats,1,0.003066749995923601,203,0.02727408400096465,0.03034083399688825,10,0.9166666666666666,0.5333333333333333,0.10089802742004395
20,MATHE,random_100,100,0.8,method1_full_scan,100,0.26246200195600977,20255,21.57473524795205,21.83719724990806,10,0.9166666666666666,0.5650793650793651,21.876560926437378
20,MATHE,random_100,100,0.8,method1_full_scan_stats,1,0.002364500003750436,203,0.026801959000295028,0.029166459004045464,10,0.9166666666666666,0.5333333333333333,0.08353710174560547
20,MATHE,random_100,100,0.9,method1_full_scan,100,0.25086533399735345,20255,21.516600292969088,21.76746562696644,10,0.9166666666666666,0.5650793650793651,21.805299043655396
20,MATHE,random_100,100,0.9,method1_full_scan_stats,1,0.0026020410005003214,203,0.026900666998699307,0.02950270799919963,10,0.9166666666666666,0.5333333333333333,0.09940195083618164
20,MATHE,random_20,20,0.7,method1_full_scan,20,0.07446308300859528,20255,21.228804293001303,21.3032673760099,10,0.9166666666666666,0.5650793650793651,21.32155179977417
20,MATHE,random_20,20,0.7,method1_full_scan_stats,1,0.0034765000018524006,1013,0.16415295899787452,0.16762945899972692,10,0.9166666666666666,0.5650793650793651,0.18563413619995117
20,MATHE,random_20,20,0.8,method1_full_scan,20,0.06468516500171972,20255,21.365631374996156,21.430316539997875,10,0.9166666666666666,0.5650793650793651,21.44387698173523
20,MATHE,random_20,20,0.8,method1_full_scan_stats,1,0.003624124998168554,1013,0.16439779099891894,0.1680219159970875,10,0.9166666666666666,0.5650793650793651,0.18500900268554688
20,MATHE,random_20,20,0.9,method1_full_scan,20,0.06472183098230744,20255,21.43210233200807,21.49682416299038,10,0.9166666666666666,0.5650793650793651,21.509817838668823
20,MATHE,random_20,20,0.9,method1_full_scan_stats,1,0.003559250006219372,1013,0.16430133300309535,0.16786058300931472,10,0.9166666666666666,0.5650793650793651,0.1851179599761963
20,MATHE,random_5,5,0.7,method1_full_scan,5,0.037490084003366064,20255,21.238735832987004,21.27622591699037,10,0.9166666666666666,0.5650793650793651,21.286706924438477
20,MATHE,random_5,5,0.7,method1_full_scan_stats,1,0.006150416993477847,4051,1.2167937909980537,1.2229442079915316,10,0.9166666666666666,0.5650793650793651,1.2330470085144043
20,MATHE,random_5,5,0.8,method1_full_scan,5,0.03130004100239603,20255,21.965912001003744,21.99721204200614,10,0.9166666666666666,0.5650793650793651,22.006658792495728
20,MATHE,random_5,5,0.8,method1_full_scan_stats,1,0.008734874994843267,4051,1.3006512079955428,1.309386082990386,10,0.9166666666666666,0.5650793650793651,1.3210418224334717
20,MATHE,random_5,5,0.9,method1_full_scan,5,0.036028875001647975,20255,22.387936082988745,22.423964957990393,10,0.9166666666666666,0.5650793650793651,22.432708263397217
20,MATHE,random_5,5,0.9,method1_full_scan_stats,1,0.005738209001719952,4051,1.2107455829973333,1.2164837919990532,10,0.9166666666666666,0.5650793650793651,1.2262039184570312
20,MATHE,skewed_10,10,0.7,method1_full_scan,10,0.04866395999852102,20254,22.82277779300057,22.87144175299909,10,0.9166666666666666,0.5333333333333333,22.884895086288452
20,MATHE,skewed_10,10,0.7,method1_full_scan_stats,1,0.007406458003970329,4726,1.532551958996919,1.5399584170008893,10,0.9166666666666666,0.4888888888888889,1.5544700622558594
20,MATHE,skewed_10,10,0.8,method1_full_scan,10,0.04719108400604455,20254,21.83258929200383,21.879780376009876,10,0.9166666666666666,0.5333333333333333,21.889535903930664
20,MATHE,skewed_10,10,0.8,method1_full_scan_stats,1,0.008052208002482075,4726,1.5727040830024634,1.5807562910049455,10,0.9166666666666666,0.4888888888888889,1.595324993133545
20,MATHE,skewed_10,10,0.9,method1_full_scan,10,0.05214145800709957,20254,22.461890999002208,22.514032457009307,10,0.9166666666666666,0.5333333333333333,22.524091005325317
20,MATHE,skewed_10,10,0.9,method1_full_scan_stats,1,0.00751854100235505,4726,1.5434982090009726,1.5510167500033276,10,0.9166666666666666,0.4888888888888889,1.5656299591064453
20,MATHE,skewed_100,100,0.7,method1_full_scan,100,0.26195745305449236,20180,22.087759620008,22.349717073062493,10,0.9166666666666666,0.5333333333333333,22.411501169204712
20,MATHE,skewed_100,100,0.7,method1_full_scan_stats,1,0.0037407919953693636,472,0.06330324999726145,0.06704404199263081,10,0.9166666666666666,0.5650793650793651,0.13593101501464844
20,MATHE,skewed_100,100,0.8,method1_full_scan,100,0.28175562202522997,20180,21.62387124797533,21.90562687000056,10,0.9166666666666666,0.5333333333333333,21.95081400871277
20,MATHE,skewed_100,100,0.8,method1_full_scan_stats,1,0.004102791004697792,472,0.06364304199814796,0.06774583300284576,10,0.9166666666666666,0.5650793650793651,0.14047884941101074
20,MATHE,skewed_100,100,0.9,method1_full_scan,100,0.2901652909931727,20180,22.747376003950194,23.037541294943367,10,0.9166666666666666,0.5333333333333333,23.077869176864624
20,MATHE,skewed_100,100,0.9,method1_full_scan_stats,1,0.003895875001035165,472,0.06475120899267495,0.06864708399371011,10,0.9166666666666666,0.5650793650793651,0.13921689987182617
20,MATHE,skewed_20,20,0.7,method1_full_scan,20,0.09053987800143659,20254,22.757237376004923,22.84777725400636,10,0.9166666666666666,0.5650793650793651,22.86630415916443
20,MATHE,skewed_20,20,0.7,method1_full_scan_stats,1,0.0049993749998975545,2363,0.513623833998281,0.5186232089981786,10,0.9166666666666666,0.4888888888888889,0.5385787487030029
20,MATHE,skewed_20,20,0.8,method1_full_scan,20,0.0796640379994642,20254,22.250073457995313,22.329737495994777,10,0.9166666666666666,0.5650793650793651,22.346503019332886
20,MATHE,skewed_20,20,0.8,method1_full_scan_stats,1,0.010232874999928754,2363,0.5340907919962774,0.5443236669962062,10,0.9166666666666666,0.4888888888888889,0.5675201416015625
20,MATHE,skewed_20,20,0.9,method1_full_scan,20,0.08039674998872215,20254,21.702286250976613,21.782683000965335,10,0.9166666666666666,0.5650793650793651,21.79686212539673
20,MATHE,skewed_20,20,0.9,method1_full_scan_stats,1,0.005025125006795861,2363,0.51635616600106,0.5213812910078559,10,0.9166666666666666,0.4888888888888889,0.5428638458251953
20,MATHE,skewed_5,5,0.7,method1_full_scan,5,0.036417624993191566,20254,22.396768790997157,22.43318641599035,10,0.9166666666666666,0.5650793650793651,22.444472074508667
20,MATHE,skewed_5,5,0.7,method1_full_scan_stats,1,0.02174666700011585,14178,11.375404333004553,11.39715100000467,10,0.9166666666666666,0.5333333333333333,11.410678148269653
20,MATHE,skewed_5,5,0.8,method1_full_scan,5,0.037719624990131706,20254,22.31580275099259,22.35352237598272,10,0.9166666666666666,0.5650793650793651,22.362201929092407
20,MATHE,skewed_5,5,0.8,method1_full_scan_stats,1,0.01740458299900638,14178,11.506983667000895,11.524388249999902,10,0.9166666666666666,0.5333333333333333,11.535493850708008
20,MATHE,skewed_5,5,0.9,method1_full_scan,5,0.037254832990583964,20254,21.94201183300902,21.979266665999603,10,0.9166666666666666,0.5650793650793651,21.9895601272583
20,MATHE,skewed_5,5,0.9,method1_full_scan_stats,1,0.023355708006420173,14178,11.433693416998722,11.457049125005142,10,0.9166666666666666,0.5333333333333333,11.470270156860352
20,MATHE,high_penalty_20,20,0.7,method1_full_scan,20,0.08063958497950807,20255,21.754396459997224,21.835036044976732,10,0.9166666666666666,0.5650793650793651,21.852179050445557
20,MATHE,high_penalty_20,20,0.7,method1_full_scan_stats,1,0.003763332999369595,1013,0.16597887399984756,0.16974220699921716,10,0.9166666666666666,0.5650793650793651,0.1871049404144287
20,MATHE,high_penalty_20,20,0.8,method1_full_scan,20,0.07606250100798206,20255,21.437668247992406,21.513730749000388,10,0.9166666666666666,0.5650793650793651,21.52660584449768
20,MATHE,high_penalty_20,20,0.8,method1_full_scan_stats,1,0.0036723750017699786,1013,0.16292779100331245,0.16660016600508243,10,0.9166666666666666,0.5650793650793651,0.18855071067810059
20,MATHE,high_penalty_20,20,0.9,method1_full_scan,20,0.07420554298732895,20255,21.268880375013396,21.343085918000725,10,0.9166666666666666,0.5650793650793651,21.356192111968994
20,MATHE,high_penalty_20,20,0.9,method1_full_scan_stats,1,0.003145333997963462,1013,0.16358791599486722,0.16673324999283068,10,0.9166666666666666,0.5650793650793651,0.18468523025512695
20,MATHE,high_penalty_5,5,0.7,method1_full_scan,5,0.03850479199900292,20255,21.06061387599766,21.099118667996663,10,0.9166666666666666,0.5650793650793651,21.109251976013184
20,MATHE,high_penalty_5,5,0.7,method1_full_scan_stats,1,0.006106125001679175,4051,1.216924584005028,1.2230307090067072,10,0.9166666666666666,0.5650793650793651,1.2333979606628418
20,MATHE,high_penalty_5,5,0.8,method1_full_scan,5,0.03706879200035473,20255,21.039447207993362,21.076515999993717,10,0.9166666666666666,0.5650793650793651,21.084851026535034
20,MATHE,high_penalty_5,5,0.8,method1_full_scan_stats,1,0.00609358299698215,4051,1.2178279580039089,1.223921541000891,10,0.9166666666666666,0.5650793650793651,1.2337629795074463
20,MATHE,high_penalty_5,5,0.9,method1_full_scan,5,0.036541833003866486,20255,20.995004085008986,21.031545918012853,10,0.9166666666666666,0.5650793650793651,21.03939414024353
20,MATHE,high_penalty_5,5,0.9,method1_full_scan_stats,1,0.006458957999711856,4051,1.1999527499938267,1.2064117079935386,10,0.9166666666666666,0.5650793650793651,1.2190489768981934
20,MATHE,low_coverage_20,20,0.7,method1_full_scan,20,0.07567612602724694,20255,5.910927919008827,5.986604045036074,8,0.6666666666666666,0.5416666666666666,6.0053791999816895
20,MATHE,low_coverage_20,20,0.7,method1_full_scan_stats,1,0.0034077500022249296,1013,0.07800812500499887,0.0814158750072238,8,0.6666666666666666,0.5916666666666667,0.09889101982116699
20,MATHE,low_coverage_20,20,0.8,method1_full_scan,20,0.07372024998039706,20255,5.922989749000408,5.996709998980805,8,0.6666666666666666,0.5416666666666666,6.010663747787476
20,MATHE,low_coverage_20,20,0.8,method1_full_scan_stats,1,0.0032925829946179874,1013,0.07699062500614673,0.08028320800076472,8,0.6666666666666666,0.5916666666666667,0.09762096405029297
20,MATHE,low_coverage_20,20,0.9,method1_full_scan,20,0.06572633399628103,20255,5.933904666999297,5.999631000995578,8,0.6666666666666666,0.5416666666666666,6.013737201690674
20,MATHE,low_coverage_20,20,0.9,method1_full_scan_stats,1,0.0031887500008451752,1013,0.07881004200316966,0.08199879200401483,8,0.6666666666666666,0.5916666666666667,0.09968709945678711
20,MATHE,low_coverage_5,5,0.7,method1_full_scan,5,0.03856437499780441,20255,6.074211541003024,6.112775916000828,8,0.6666666666666666,0.625,6.123006820678711
20,MATHE,low_coverage_5,5,0.7,method1_full_scan_stats,1,0.005819124999106862,4051,0.44812649999948917,0.45394562499859603,8,0.6666666666666666,0.5916666666666667,0.4644298553466797
20,MATHE,low_coverage_5,5,0.8,method1_full_scan,5,0.03020921001007082,20255,5.974221958982525,6.004431168992596,8,0.6666666666666666,0.625,6.013638973236084
20,MATHE,low_coverage_5,5,0.8,method1_full_scan_stats,1,0.006104959000367671,4051,0.4482918749927194,0.45439683399308706,8,0.6666666666666666,0.5916666666666667,0.4647219181060791
20,MATHE,low_coverage_5,5,0.9,method1_full_scan,5,0.030151706996548455,20255,6.013847123991582,6.04399883098813,8,0.6666666666666666,0.625,6.053132057189941
20,MATHE,low_coverage_5,5,0.9,method1_full_scan_stats,1,0.005891250002605375,4051,0.44824795900058234,0.4541392090031877,8,0.6666666666666666,0.5916666666666667,0.46458888053894043
20,MATHE,low_penalty_20,20,0.7,method1_full_scan,20,0.12312562401348259,20319,21.49445108199143,21.61757670600491,5,1.0,0.0,21.661245107650757
20,MATHE,low_penalty_20,20,0.7,method1_full_scan_stats,1,0.003780833001655992,1016,0.1728078749947599,0.1765887079964159,7,1.0,0.2888888888888889,0.2020401954650879
20,MATHE,low_penalty_20,20,0.8,method1_full_scan,20,0.07481787500000792,20319,21.18961612498242,21.26443399998243,5,1.0,0.0,21.277331829071045
20,MATHE,low_penalty_20,20,0.8,method1_full_scan_stats,1,0.0031566250036121346,1016,0.17340675099694636,0.1765633760005585,7,1.0,0.2888888888888889,0.19394803047180176
20,MATHE,low_penalty_20,20,0.9,method1_full_scan,20,0.07377874799567508,20319,21.330348082017736,21.40412683001341,5,1.0,0.0,21.41686201095581
20,MATHE,low_penalty_20,20,0.9,method1_full_scan_stats,1,0.0030884169973433018,1016,0.17273816600209102,0.17582658299943432,7,1.0,0.2888888888888889,0.19302916526794434
20,MATHE,low_penalty_5,5,0.7,method1_full_scan,5,0.03967437500250526,20319,21.263331789989024,21.30300616499153,7,1.0,0.0,21.313112258911133
20,MATHE,low_penalty_5,5,0.7,method1_full_scan_stats,1,0.0066690000021480955,4064,1.1974259580019861,1.2040949580041342,6,1.0,0.06666666666666667,1.214026927947998
20,MATHE,low_penalty_5,5,0.8,method1_full_scan,5,0.036960917997930665,20319,21.14610395800264,21.18306487600057,7,1.0,0.0,21.19135594367981
20,MATHE,low_penalty_5,5,0.8,method1_full_scan_stats,1,0.0060695840002154,4064,1.2177180829967256,1.223787666996941,6,1.0,0.06666666666666667,1.2338790893554688
20,MATHE,low_penalty_5,5,0.9,method1_full_scan,5,0.02966320899577113,20319,21.21058975100459,21.240252960000362,7,1.0,0.0,21.248260736465454
20,MATHE,low_penalty_5,5,0.9,method1_full_scan_stats,1,0.005903458004468121,4064,1.1981771670034504,1.2040806250079186,6,1.0,0.06666666666666667,1.2143821716308594
21,MATHE,random_10,10,0.7,method1_full_scan,10,0.048055290018965025,20255,1.9852698739996413,2.0333251640186063,10,1.0,0.4962962962962963,2.0493879318237305
21,MATHE,random_10,10,0.7,method1_full_scan_stats,1,0.004233041996485554,2026,0.09510137500183191,0.09933441699831747,10,1.0,0.4962962962962963,0.11247992515563965
21,MATHE,random_10,10,0.8,method1_full_scan,10,0.04320537400781177,20255,2.005974125007924,2.049179499015736,10,1.0,0.4962962962962963,2.059671640396118
21,MATHE,random_10,10,0.8,method1_full_scan_stats,1,0.003992874997493345,2026,0.0944567080005072,0.09844958299800055,10,1.0,0.4962962962962963,0.11066699028015137
21,MATHE,random_10,10,0.9,method1_full_scan,10,0.041919623989087995,20255,1.9980307959995116,2.0399504199885996,10,1.0,0.4962962962962963,2.051111936569214
21,MATHE,random_10,10,0.9,method1_full_scan_stats,1,0.004105333995539695,2026,0.09430645799875492,0.09841179199429462,10,1.0,0.4962962962962963,0.11110925674438477
21,MATHE,random_100,100,0.7,method1_full_scan,100,0.24036412202258362,20255,2.1040188720144215,2.344382994037005,10,1.0,0.528042328042328,2.4020121097564697
21,MATHE,random_100,100,0.7,method1_full_scan_stats,2,0.004780875002325047,406,0.018544623999332543,0.02332549900165759,10,1.0,0.4962962962962963,0.0841071605682373
21,MATHE,random_100,100,0.8,method1_full_scan,100,0.2215707069990458,20255,2.123602879946702,2.345173586945748,10,1.0,0.528042328042328,2.385075807571411
21,MATHE,random_100,100,0.8,method1_full_scan_stats,2,0.004976707998139318,406,0.018516250005632173,0.02349295800377149,10,1.0,0.4962962962962963,0.08427071571350098
21,MATHE,random_100,100,0.9,method1_full_scan,100,0.22142991906730458,20255,2.123717502996442,2.3451474220637465,10,1.0,0.528042328042328,2.385601043701172
21,MATHE,random_100,100,0.9,method1_full_scan_stats,2,0.004917124992061872,406,0.01822724999510683,0.023144374987168703,10,1.0,0.4962962962962963,0.08361196517944336
21,MATHE,random_20,20,0.7,method1_full_scan,20,0.07073041799594648,20255,2.003237914010242,2.0739683320061886,10,1.0,0.4962962962962963,2.093485116958618
21,MATHE,random_20,20,0.7,method1_full_scan_stats,1,0.003185749999829568,1012,0.052704291010741144,0.05589004101057071,10,1.0,0.5518518518518518,0.07332873344421387
21,MATHE,random_20,20,0.8,method1_full_scan,20,0.06548483100050362,20255,2.019360459984455,2.0848452909849584,10,1.0,0.4962962962962963,2.0991439819335938
21,MATHE,random_20,20,0.8,method1_full_scan_stats,1,0.0035352920021978207,1012,0.05335604200081434,0.05689133400301216,10,1.0,0.5518518518518518,0.07424426078796387
21,MATHE,random_20,20,0.9,method1_full_scan,20,0.06617770999582717,20255,2.0262957910235855,2.0924735010194127,10,1.0,0.4962962962962963,2.107105016708374
21,MATHE,random_20,20,0.9,method1_full_scan_stats,1,0.003448957999353297,1012,0.05220125000778353,0.055650208007136825,10,1.0,0.5518518518518518,0.07271599769592285
21,MATHE,random_5,5,0.7,method1_full_scan,5,0.03626937499939231,20255,1.9745259990013437,2.010795374000736,10,1.0,0.528042328042328,2.022162914276123
21,MATHE,random_5,5,0.7,method1_full_scan_stats,1,0.006374958997184876,4051,0.21884633300214773,0.2252212919993326,10,1.0,0.528042328042328,0.23506927490234375
21,MATHE,random_5,5,0.8,method1_full_scan,5,0.030737831999431364,20255,1.9987054180019186,2.02944325000135,10,1.0,0.528042328042328,2.0385639667510986
21,MATHE,random_5,5,0.8,method1_full_scan_stats,1,0.006337250000797212,4051,0.21876845799852163,0.22510570799931884,10,1.0,0.528042328042328,0.23562026023864746
21,MATHE,random_5,5,0.9,method1_full_scan,5,0.03104529200209072,20255,2.0001007489991025,2.0311460410011932,10,1.0,0.528042328042328,2.0401461124420166
21,MATHE,random_5,5,0.9,method1_full_scan_stats,1,0.07474083299894119,4051,0.3010338739986764,0.3757747069976176,10,1.0,0.528042328042328,0.38637804985046387
21,MATHE,skewed_10,10,0.7,method1_full_scan,10,0.04703679100930458,20254,2.0017266649811063,2.048763455990411,10,1.0,0.528042328042328,2.0636119842529297
21,MATHE,skewed_10,10,0.7,method1_full_scan_stats,1,0.0076433750000433065,4726,0.2588684160000412,0.2665117910000845,10,1.0,0.4962962962962963,0.2793242931365967
21,MATHE,skewed_10,10,0.8,method1_full_scan,10,0.042217248999804724,20254,2.006278086009843,2.0484953350096475,10,1.0,0.528042328042328,2.0594592094421387
21,MATHE,skewed_10,10,0.8,method1_full_scan_stats,1,0.007394916006887797,4726,0.25973529100156156,0.26713020700844936,10,1.0,0.4962962962962963,0.28035712242126465
21,MATHE,skewed_10,10,0.9,method1_full_scan,10,0.042603043009876274,20254,2.011621664001723,2.054224707011599,10,1.0,0.528042328042328,2.065579891204834
21,MATHE,skewed_10,10,0.9,method1_full_scan_stats,1,0.007315416994970292,4726,0.2615567920001922,0.2688722089951625,10,1.0,0.4962962962962963,0.28174805641174316
21,MATHE,skewed_100,100,0.7,method1_full_scan,100,0.23939516699465457,20180,2.134083999961149,2.3734791669558035,10,1.0,0.528042328042328,2.4304401874542236
21,MATHE,skewed_100,100,0.7,method1_full_scan_stats,1,0.0026123329953406937,472,0.019255959006841294,0.021868292002181988,10,1.0,0.4962962962962963,0.07413411140441895
21,MATHE,skewed_100,100,0.8,method1_full_scan,100,0.22509654500026954,20180,2.1510007469914854,2.376097291991755,10,1.0,0.528042328042328,2.4173121452331543
21,MATHE,skewed_100,100,0.8,method1_full_scan_stats,1,0.002707749998080544,472,0.027989666996290907,0.03069741699437145,10,1.0,0.4962962962962963,0.08324980735778809
21,MATHE,skewed_100,100,0.9,method1_full_scan,100,0.22322166900266893,20180,2.168904166028369,2.392125835031038,10,1.0,0.528042328042328,2.4324238300323486
21,MATHE,skewed_100,100,0.9,method1_full_scan_stats,1,0.0026514999990467913,472,0.0200294170062989,0.02268091700534569,10,1.0,0.4962962962962963,0.07663488388061523
21,MATHE,skewed_20,20,0.7,method1_full_scan,20,0.06870579400128918,20254,1.9880320419979398,2.056737835999229,10,1.0,0.5518518518518518,2.0758631229400635
21,MATHE,skewed_20,20,0.7,method1_full_scan_stats,1,0.004648375004762784,2363,0.12316637400363106,0.12781474900839385,10,1.0,0.528042328042328,0.1447160243988037
21,MATHE,skewed_20,20,0.8,method1_full_scan,20,0.06273304299247684,20254,2.017709586012643,2.0804426290051197,10,1.0,0.5518518518518518,2.0948588848114014
21,MATHE,skewed_20,20,0.8,method1_full_scan_stats,1,0.004829208999581169,2363,0.1186850410012994,0.12351425000088057,10,1.0,0.528042328042328,0.1412668228149414
21,MATHE,skewed_20,20,0.9,method1_full_scan,20,0.06347404501138953,20254,2.010975207995216,2.0744492530066054,10,1.0,0.5518518518518518,2.088351011276245
21,MATHE,skewed_20,20,0.9,method1_full_scan_stats,1,0.004391124995891005,2363,0.11900679199607112,0.12339791699196212,10,1.0,0.528042328042328,0.1410670280456543
21,MATHE,skewed_5,5,0.7,method1_full_scan,5,0.033917708016815595,20254,1.9974476249990403,2.031365333015856,10,1.0,0.528042328042328,2.042393207550049
21,MATHE,skewed_5,5,0.7,method1_full_scan_stats,1,0.017049250003765337,14178,1.1796585839911131,1.1967078339948785,10,1.0,0.4518518518518519,1.2064189910888672
21,MATHE,skewed_5,5,0.8,method1_full_scan,5,0.03187429199897451,20254,1.995783748003305,2.0276580400022794,10,1.0,0.528042328042328,2.037142038345337
21,MATHE,skewed_5,5,0.8,method1_full_scan_stats,1,0.015659000004234258,14178,1.1908114999969257,1.20647050000116,10,1.0,0.4518518518518519,1.2166080474853516
21,MATHE,skewed_5,5,0.9,method1_full_scan,5,0.033402211003704,20254,1.9949541250025504,2.0283563360062544,10,1.0,0.528042328042328,2.0373001098632812
21,MATHE,skewed_5,5,0.9,method1_full_scan_stats,1,0.016145875000802334,14178,1.1910781249971478,1.2072239999979502,10,1.0,0.4518518518518519,1.2182848453521729
21,MATHE,high_penalty_20,20,0.7,method1_full_scan,20,0.07577770597708877,20262,2.024822873994708,2.100600579971797,10,1.0,0.528042328042328,2.121661901473999
21,MATHE,high_penalty_20,20,0.7,method1_full_scan_stats,1,0.0033675839949864894,1013,0.04698416700557573,0.05035175100056222,10,1.0,0.4962962962962963,0.0678250789642334
21,MATHE,high_penalty_20,20,0.8,method1_full_scan,20,0.0669110849921708,20262,2.0256598320047488,2.0925709169969196,10,1.0,0.528042328042328,2.106238842010498
21,MATHE,high_penalty_20,20,0.8,method1_full_scan_stats,1,0.0033558750001247972,1013,0.054942209004366305,0.0582980840044911,10,1.0,0.4962962962962963,0.07545995712280273
21,MATHE,high_penalty_20,20,0.9,method1_full_scan,20,0.06641979001142317,20262,2.0254602080167388,2.091879998028162,10,1.0,0.528042328042328,2.10575795173645
21,MATHE,high_penalty_20,20,0.9,method1_full_scan_stats,1,0.003115749997959938,1013,0.04654133199801436,0.049657081995974295,10,1.0,0.4962962962962963,0.06708478927612305
21,MATHE,high_penalty_5,5,0.7,method1_full_scan,5,0.03598249999777181,20262,1.9996162499955972,2.035598749993369,10,1.0,0.5518518518518518,2.0459141731262207
21,MATHE,high_penalty_5,5,0.7,method1_full_scan_stats,1,0.0058294580012443475,4053,0.3471824169973843,0.3530118749986286,10,1.0,0.528042328042328,0.36382603645324707
21,MATHE,high_penalty_5,5,0.8,method1_full_scan,5,0.03137179199256934,20262,2.0127465420155204,2.0441183340080897,10,1.0,0.5518518518518518,2.0538711547851562
21,MATHE,high_penalty_5,5,0.8,method1_full_scan_stats,1,0.006008707998262253,4053,0.21671754099952523,0.22272624899778748,10,1.0,0.528042328042328,0.23305702209472656
21,MATHE,high_penalty_5,5,0.9,method1_full_scan,5,0.032214959006523713,20262,1.9976330840072478,2.0298480430137715,10,1.0,0.5518518518518518,2.0390548706054688
21,MATHE,high_penalty_5,5,0.9,method1_full_scan_stats,1,0.007110792001185473,4053,0.22269970799970906,0.22981050000089454,10,1.0,0.528042328042328,0.2402040958404541
21,MATHE,low_coverage_20,20,0.7,method1_full_scan,20,0.07131624900648603,20255,1.2243749979970744,1.2956912470035604,7,0.75,0.44047619047619047,1.313913106918335
21,MATHE,low_coverage_20,20,0.7,method1_full_scan_stats,1,0.003151167002215516,1012,0.04078441800083965,0.043935585003055166,7,0.75,0.4904761904761905,0.06107592582702637
21,MATHE,low_coverage_20,20,0.8,method1_full_scan,20,0.06404471002315404,20255,1.2247177889876184,1.2887624990107724,7,0.75,0.44047619047619047,1.3031790256500244
21,MATHE,low_coverage_20,20,0.8,method1_full_scan_stats,1,0.0035422090004431084,1012,0.040395250005531125,0.04393745900597423,7,0.75,0.4904761904761905,0.06221294403076172
21,MATHE,low_coverage_20,20,0.9,method1_full_scan,20,0.06330016699212138,20255,1.2222162049947656,1.285516371986887,7,0.75,0.44047619047619047,1.2994370460510254
21,MATHE,low_coverage_20,20,0.9,method1_full_scan_stats,1,0.0031850829982431605,1012,0.04021712500252761,0.04340220800077077,7,0.75,0.4904761904761905,0.06068897247314453
21,MATHE,low_coverage_5,5,0.7,method1_full_scan,5,0.03597091799019836,20255,1.45642033299373,1.4923912509839283,8,0.75,0.5654761904761905,1.5029001235961914
21,MATHE,low_coverage_5,5,0.7,method1_full_scan_stats,1,0.006169915999635123,4051,0.1778512920063804,0.1840212080060155,8,0.75,0.5321428571428571,0.1940760612487793
21,MATHE,low_coverage_5,5,0.8,method1_full_scan,5,0.0299831669908599,20255,1.448188458023651,1.478171625014511,8,0.75,0.5654761904761905,1.487273931503296
21,MATHE,low_coverage_5,5,0.8,method1_full_scan_stats,1,0.005734874997870065,4051,0.17803462500160094,0.183769499999471,8,0.75,0.5321428571428571,0.19342589378356934
21,MATHE,low_coverage_5,5,0.9,method1_full_scan,5,0.030106374993920326,20255,1.458545416004199,1.4886517909981194,8,0.75,0.5654761904761905,1.4974489212036133
21,MATHE,low_coverage_5,5,0.9,method1_full_scan_stats,1,0.00603387499722885,4051,0.17778891699708765,0.1838227919943165,8,0.75,0.5321428571428571,0.19355511665344238
21,MATHE,low_penalty_20,20,0.7,method1_full_scan,20,0.07103816596645629,20319,2.070949126020423,2.1419872919868794,5,1.0,0.0,2.1610701084136963
21,MATHE,low_penalty_20,20,0.7,method1_full_scan_stats,1,0.003155500002321787,1016,0.044448792992625386,0.04760429299494717,7,1.0,0.2888888888888889,0.0649878978729248
21,MATHE,low_penalty_20,20,0.8,method1_full_scan,20,0.06412625100347213,20319,2.0831729999990785,2.1472992510025506,5,1.0,0.0,2.1613776683807373
21,MATHE,low_penalty_20,20,0.8,method1_full_scan_stats,1,0.003161792003083974,1016,0.04428612400079146,0.047447916003875434,7,1.0,0.2888888888888889,0.06498908996582031
21,MATHE,low_penalty_20,20,0.9,method1_full_scan,20,0.06352879000041867,20319,2.070249121992674,2.133777911993093,5,1.0,0.0,2.147645950317383
21,MATHE,low_penalty_20,20,0.9,method1_full_scan_stats,1,0.0031432920004590414,1016,0.044269542006077245,0.047412834006536286,7,1.0,0.2888888888888889,0.06479167938232422
21,MATHE,low_penalty_5,5,0.7,method1_full_scan,5,0.03566920900630066,20319,2.0599558749963762,2.095625084002677,6,1.0,0.0,2.106274127960205
21,MATHE,low_penalty_5,5,0.7,method1_full_scan_stats,1,0.006387666995578911,4064,0.21682554200378945,0.22321320899936836,5,1.0,0.13333333333333333,0.2335188388824463
21,MATHE,low_penalty_5,5,0.8,method1_full_scan,5,0.031433873999048956,20319,2.0683617909962777,2.0997956649953267,6,1.0,0.0,2.109198808670044
21,MATHE,low_penalty_5,5,0.8,method1_full_scan_stats,1,0.007142875001591165,4064,0.21703212499414803,0.2241749999957392,5,1.0,0.13333333333333333,0.23415517807006836
21,MATHE,low_penalty_5,5,0.9,method1_full_scan,5,0.04795849900256144,20319,2.90104895899276,2.9490074579953216,6,1.0,0.0,2.958411931991577
21,MATHE,low_penalty_5,5,0.9,method1_full_scan_stats,1,0.00897145800263388,4064,0.2192687089991523,0.22824016700178618,5,1.0,0.13333333333333333,0.2386951446533203
22,MATHE,random_10,10,0.7,method1_full_scan,10,0.05214816600346239,20255,1.3140649580018362,1.3662131240052986,6,1.0,0.7523809523809524,1.3804190158843994
22,MATHE,random_10,10,0.7,method1_full_scan_stats,1,0.004162333003478125,2026,0.08506441599456593,0.08922674899804406,7,1.0,0.8112244897959184,0.10463809967041016
22,MATHE,random_10,10,0.8,method1_full_scan,10,0.04199645899643656,20255,1.2592964579962427,1.3012929169926792,6,1.0,0.7523809523809524,1.3127050399780273
22,MATHE,random_10,10,0.8,method1_full_scan_stats,1,0.004835083993384615,2026,0.08558766700298293,0.09042275099636754,7,1.0,0.8112244897959184,0.10492801666259766
22,MATHE,random_10,10,0.9,method1_full_scan,10,0.052302082993264776,20255,1.4257579169934615,1.4780599999867263,6,1.0,0.7523809523809524,1.4895148277282715
22,MATHE,random_10,10,0.9,method1_full_scan_stats,1,0.004559416003758088,2026,0.08553008199669421,0.0900894980004523,7,1.0,0.8112244897959184,0.1055443286895752
22,MATHE,random_100,100,0.7,method1_full_scan,100,0.26436279396148166,20255,1.4703191220178269,1.7346819159793085,6,1.0,0.7761904761904762,1.7963857650756836
22,MATHE,random_100,100,0.7,method1_full_scan_stats,2,0.005475543002830818,406,0.019694458998856135,0.025170002001686953,6,0.8571428571428571,0.8071428571428572,0.12271308898925781
22,MATHE,random_100,100,0.8,method1_full_scan,100,0.2531790790235391,20255,1.475662964010553,1.728842043034092,6,1.0,0.7761904761904762,1.7741098403930664
22,MATHE,random_100,100,0.8,method1_full_scan_stats,2,0.005172123986994848,406,0.017965334001928568,0.023137457988923416,6,0.8571428571428571,0.8071428571428572,0.11671590805053711
22,MATHE,random_100,100,0.9,method1_full_scan,100,0.22797792299388675,20255,1.4211788729880936,1.6491567959819804,6,1.0,0.7761904761904762,1.689803123474121
22,MATHE,random_100,100,0.9,method1_full_scan_stats,2,0.005014542002754752,406,0.017500541005574632,0.022515083008329384,6,0.8571428571428571,0.8071428571428572,0.1153109073638916
22,MATHE,random_20,20,0.7,method1_full_scan,20,0.07579699801863171,20255,1.338867416998255,1.4146644150168868,6,1.0,0.7714285714285715,1.4334700107574463
22,MATHE,random_20,20,0.7,method1_full_scan_stats,1,0.003898625000147149,1013,0.040181291005865205,0.044079916006012354,6,0.8571428571428571,0.8071428571428572,0.06543898582458496
22,MATHE,random_20,20,0.8,method1_full_scan,20,0.06668904302205192,20255,1.276704043011705,1.3433930860337568,6,1.0,0.7714285714285715,1.3579471111297607
22,MATHE,random_20,20,0.8,method1_full_scan_stats,1,0.003555832998245023,1013,0.0396380419988418,0.04319387499708682,6,0.8571428571428571,0.8071428571428572,0.06437492370605469
22,MATHE,random_20,20,0.9,method1_full_scan,20,0.06569420699815964,20255,1.2826180429838132,1.3483122499819729,6,1.0,0.7714285714285715,1.3630650043487549
22,MATHE,random_20,20,0.9,method1_full_scan_stats,1,0.0031744589941808954,1013,0.0398107489963877,0.0429852079905686,6,0.8571428571428571,0.8071428571428572,0.06524491310119629
22,MATHE,random_5,5,0.7,method1_full_scan,5,0.03351458298857324,20255,1.2453824990006979,1.278897081989271,6,1.0,0.7476190476190476,1.2898249626159668
22,MATHE,random_5,5,0.7,method1_full_scan_stats,1,0.006020082997565623,4051,0.18316504199901829,0.1891851249965839,7,1.0,0.8112244897959184,0.20054006576538086
22,MATHE,random_5,5,0.8,method1_full_scan,5,0.030948666004405823,20255,1.2519391259847907,1.2828877919891966,6,1.0,0.7476190476190476,1.292036771774292
22,MATHE,random_5,5,0.8,method1_full_scan_stats,1,0.0075764590001199394,4051,0.18508820799615933,0.19266466699627927,7,1.0,0.8112244897959184,0.20374035835266113
22,MATHE,random_5,5,0.9,method1_full_scan,5,0.030604248997406103,20255,1.2548544599922025,1.2854587089896086,6,1.0,0.7476190476190476,1.2950592041015625
22,MATHE,random_5,5,0.9,method1_full_scan_stats,1,0.006357540994940791,4051,0.19419445800303947,0.20055199899798026,7,1.0,0.8112244897959184,0.2113800048828125
22,MATHE,skewed_10,10,0.7,method1_full_scan,10,0.04678566700749798,20254,1.245487583000795,1.292273250008293,6,1.0,0.7761904761904762,1.3067870140075684
22,MATHE,skewed_10,10,0.7,method1_full_scan_stats,1,0.007686750002903864,4726,0.20900070799689274,0.2166874579997966,7,1.0,0.8112244897959184,0.23144006729125977
22,MATHE,skewed_10,10,0.8,method1_full_scan,10,0.04341800299152965,20254,1.263959788993816,1.3073777919853455,6,1.0,0.7761904761904762,1.318298101425171
22,MATHE,skewed_10,10,0.8,method1_full_scan_stats,1,0.0076358749938663095,4726,0.20905025000683963,0.21668612500070594,7,1.0,0.8112244897959184,0.23079204559326172
22,MATHE,skewed_10,10,0.9,method1_full_scan,10,0.042940456987707876,20254,1.2631640820181929,1.3061045390059007,6,1.0,0.7761904761904762,1.3171730041503906
22,MATHE,skewed_10,10,0.9,method1_full_scan_stats,1,0.006912750002811663,4726,0.31970929200178944,0.3266220420046011,7,1.0,0.8112244897959184,0.36925315856933594
22,MATHE,skewed_100,100,0.7,method1_full_scan,100,0.24361303402110934,20180,1.4832539519411512,1.7268669859622605,6,1.0,0.7714285714285715,1.7832818031311035
22,MATHE,skewed_100,100,0.7,method1_full_scan_stats,1,0.002739084004133474,472,0.0200406669973745,0.022779751001507975,6,0.8571428571428571,0.8071428571428572,0.09561872482299805
22,MATHE,skewed_100,100,0.8,method1_full_scan,100,0.23125762094423408,20180,1.437997337015986,1.66925495796022,6,1.0,0.7714285714285715,1.7107338905334473
22,MATHE,skewed_100,100,0.8,method1_full_scan_stats,1,0.002633125004649628,472,0.01925304099859204,0.02188616600324167,6,0.8571428571428571,0.8071428571428572,0.09479188919067383
22,MATHE,skewed_100,100,0.9,method1_full_scan,100,0.22490582798491232,20180,1.4292407070242916,1.654146535009204,6,1.0,0.7714285714285715,1.694133996963501
22,MATHE,skewed_100,100,0.9,method1_full_scan_stats,1,0.0027674999946611933,472,0.019521791997249238,0.02228929199191043,6,0.8571428571428571,0.8071428571428572,0.09566903114318848
22,MATHE,skewed_20,20,0.7,method1_full_scan,20,0.08454041599179618,20254,1.2736604620004073,1.3582008779922035,6,1.0,0.7476190476190476,1.3777928352355957
22,MATHE,skewed_20,20,0.7,method1_full_scan_stats,1,0.004429540997080039,2363,0.09845166600280209,0.10288120699988212,7,1.0,0.8112244897959184,0.1237950325012207
22,MATHE,skewed_20,20,0.8,method1_full_scan,20,0.06456312699447153,20254,1.2858687090265448,1.3504318360210164,6,1.0,0.7476190476190476,1.3642888069152832
22,MATHE,skewed_20,20,0.8,method1_full_scan_stats,1,0.004619874998752493,2363,0.09896274999482557,0.10358262499357807,7,1.0,0.8112244897959184,0.12436509132385254
22,MATHE,skewed_20,20,0.9,method1_full_scan,20,0.06353662900073687,20254,1.2752333729658858,1.3387700019666227,6,1.0,0.7476190476190476,1.3529539108276367
22,MATHE,skewed_20,20,0.9,method1_full_scan_stats,1,0.004674417003116105,2363,0.0975743329981924,0.10224875000130851,7,1.0,0.8112244897959184,0.12296605110168457
22,MATHE,skewed_5,5,0.7,method1_full_scan,5,0.03327541700855363,20254,1.2521929170106887,1.2854683340192423,6,1.0,0.7476190476190476,1.2961242198944092
22,MATHE,skewed_5,5,0.7,method1_full_scan_stats,1,0.016893084000912495,14178,0.7614022920024581,0.7782953760033706,6,1.0,0.7761904761904762,0.7895839214324951
22,MATHE,skewed_5,5,0.8,method1_full_scan,5,0.03154908400028944,20254,1.2471049999949173,1.2786540839952067,6,1.0,0.7476190476190476,1.287651777267456
22,MATHE,skewed_5,5,0.8,method1_full_scan_stats,1,0.01737729200249305,14178,0.7613901660006377,0.7787674580031307,6,1.0,0.7761904761904762,0.7896018028259277
22,MATHE,skewed_5,5,0.9,method1_full_scan,5,0.032436207999126054,20254,1.261329918008414,1.2937661260075402,6,1.0,0.7476190476190476,1.3032219409942627
22,MATHE,skewed_5,5,0.9,method1_full_scan_stats,1,0.017125500002293848,14178,0.7641122919958434,0.7812377919981373,6,1.0,0.7761904761904762,0.7921490669250488
22,MATHE,high_penalty_20,20,0.7,method1_full_scan,20,0.0791045379883144,20255,1.2804302119693602,1.3595347499576746,6,1.0,0.7714285714285715,1.3786611557006836
22,MATHE,high_penalty_20,20,0.7,method1_full_scan_stats,1,0.004075458004081156,1013,0.04217162500572158,0.046247083009802736,6,1.0,0.7714285714285715,0.06766295433044434
22,MATHE,high_penalty_20,20,0.8,method1_full_scan,20,0.07119820898515172,20255,1.380969665980956,1.4521678749661078,6,1.0,0.7714285714285715,1.467005968093872
22,MATHE,high_penalty_20,20,0.8,method1_full_scan_stats,1,0.003214500000467524,1013,0.04237541600014083,0.045589916000608355,6,1.0,0.7714285714285715,0.06714105606079102
22,MATHE,high_penalty_20,20,0.9,method1_full_scan,20,0.06484033201559214,20255,1.2816990009887377,1.3465393330043298,6,1.0,0.7714285714285715,1.3611981868743896
22,MATHE,high_penalty_20,20,0.9,method1_full_scan_stats,1,0.0032367089952458628,1013,0.04276637399743777,0.04600308299268363,6,1.0,0.7714285714285715,0.06757688522338867
22,MATHE,high_penalty_5,5,0.7,method1_full_scan,5,0.035371458005101886,20255,1.2550590009996085,1.2904304590047104,6,1.0,0.7476190476190476,1.3013858795166016
22,MATHE,high_penalty_5,5,0.7,method1_full_scan_stats,1,0.007054792004055344,4051,0.18504945900349412,0.19210425100754946,7,1.0,0.8112244897959184,0.20351910591125488
22,MATHE,high_penalty_5,5,0.8,method1_full_scan,5,0.031165583000984043,20255,1.2582489179912955,1.2894145009922795,6,1.0,0.7476190476190476,1.2989881038665771
22,MATHE,high_penalty_5,5,0.8,method1_full_scan_stats,1,0.007099415997799952,4051,0.18303258200467099,0.19013199800247094,7,1.0,0.8112244897959184,0.20108580589294434
22,MATHE,high_penalty_5,5,0.9,method1_full_scan,5,0.03131554200081155,20255,1.2480562069977168,1.2793717489985283,6,1.0,0.7476190476190476,1.2883641719818115
22,MATHE,high_penalty_5,5,0.9,method1_full_scan_stats,1,0.0060935420042369515,4051,0.1849542920026579,0.19104783400689485,7,1.0,0.8112244897959184,0.2023468017578125
22,MATHE,low_coverage_20,20,0.7,method1_full_scan,20,0.071947625001485,20255,0.46073758102284046,0.5326852060243255,1,0.07142857142857142,0.8571428571428571,0.5518450736999512
22,MATHE,low_coverage_20,20,0.7,method1_full_scan_stats,1,0.003696416999446228,1013,0.024763583001913503,0.02846000000135973,1,0.07142857142857142,0.8571428571428571,0.049868106842041016
22,MATHE,low_coverage_20,20,0.8,method1_full_scan,20,0.06487037700571818,20255,0.46202324800106,0.5268936250067782,1,0.07142857142857142,0.8571428571428571,0.541985034942627
22,MATHE,low_coverage_20,20,0.8,method1_full_scan_stats,1,0.00306220800121082,1013,0.024492833006661385,0.027555041007872205,1,0.07142857142857142,0.8571428571428571,0.04868292808532715
22,MATHE,low_coverage_20,20,0.9,method1_full_scan,20,0.06425708501046756,20255,0.45869299699552357,0.5229500820059911,1,0.07142857142857142,0.8571428571428571,0.5370798110961914
22,MATHE,low_coverage_20,20,0.9,method1_full_scan_stats,1,0.0032071659952634946,1013,0.024801626001135446,0.02800879199639894,1,0.07142857142857142,0.8571428571428571,0.04885721206665039
22,MATHE,low_coverage_5,5,0.7,method1_full_scan,5,0.037895624998782296,20255,0.44084358199324924,0.47873920699203154,1,0.07142857142857142,0.8571428571428571,0.4899740219116211
22,MATHE,low_coverage_5,5,0.7,method1_full_scan_stats,1,0.00667641700420063,4051,0.08814162499766098,0.09481804200186161,1,0.07142857142857142,0.8571428571428571,0.10632586479187012
22,MATHE,low_coverage_5,5,0.8,method1_full_scan,5,0.03161150000960333,20255,0.4457763759928639,0.47738787600246724,1,0.07142857142857142,0.8571428571428571,0.4866979122161865
22,MATHE,low_coverage_5,5,0.8,method1_full_scan_stats,1,0.006342417000269052,4051,0.08730908399593318,0.09365150099620223,1,0.07142857142857142,0.8571428571428571,0.10478711128234863
22,MATHE,low_coverage_5,5,0.9,method1_full_scan,5,0.029955543010146357,20255,0.4432476670044707,0.47320321001461707,1,0.07142857142857142,0.8571428571428571,0.4831559658050537
22,MATHE,low_coverage_5,5,0.9,method1_full_scan_stats,1,0.006103291998442728,4051,0.08738212499883957,0.0934854169972823,1,0.07142857142857142,0.8571428571428571,0.10476326942443848
22,MATHE,low_penalty_20,20,0.7,method1_full_scan,20,0.07635250199382426,20257,1.2858530810190132,1.3622055830128375,2,1.0,0.0,1.381117820739746
22,MATHE,low_penalty_20,20,0.7,method1_full_scan_stats,1,0.003209458001947496,1013,0.0399892500063288,0.0431987080082763,7,1.0,0.7993197278911565,0.06446599960327148
22,MATHE,low_penalty_20,20,0.8,method1_full_scan,20,0.06535887398786144,20257,1.280476167004963,1.3458350409928244,2,1.0,0.0,1.3599798679351807
22,MATHE,low_penalty_20,20,0.8,method1_full_scan_stats,1,0.003478124999674037,1013,0.040288625001267064,0.0437667500009411,7,1.0,0.7993197278911565,0.06509184837341309
22,MATHE,low_penalty_20,20,0.9,method1_full_scan,20,0.06495241300581256,20257,1.2782989580009598,1.3432513710067724,2,1.0,0.0,1.3574399948120117
22,MATHE,low_penalty_20,20,0.9,method1_full_scan_stats,1,0.0032641249999869615,1013,0.039904041004774626,0.04316816600476159,7,1.0,0.7993197278911565,0.06438803672790527
22,MATHE,low_penalty_5,5,0.7,method1_full_scan,5,0.03467824999097502,20257,1.3091011259966763,1.3437793759876513,2,1.0,0.0,1.3543469905853271
22,MATHE,low_penalty_5,5,0.7,method1_full_scan_stats,1,0.006124209001427516,4052,0.18261587499728194,0.18874008399870945,2,1.0,0.35714285714285715,0.19971704483032227
22,MATHE,low_penalty_5,5,0.8,method1_full_scan,5,0.030147165998641867,20257,1.251788210000086,1.281935375998728,2,1.0,0.0,1.2909760475158691
22,MATHE,low_penalty_5,5,0.8,method1_full_scan_stats,1,0.006885167000291403,4052,0.18291766599577386,0.18980283299606526,2,1.0,0.35714285714285715,0.20055913925170898
22,MATHE,low_penalty_5,5,0.9,method1_full_scan,5,0.030759751003643032,20257,1.2541469580100966,1.2849067090137396,2,1.0,0.0,1.2938170433044434
22,MATHE,low_penalty_5,5,0.9,method1_full_scan_stats,1,0.006575416002306156,4052,0.18309979200421367,0.18967520800651982,2,1.0,0.35714285714285715,0.20072197914123535
23,MATHE,random_10,10,0.7,method1_full_scan,10,0.058162291992630344,20255,103.44784291701217,103.5060052090048,4,1.0,0.4880952380952381,103.51450681686401
23,MATHE,random_10,10,0.7,method1_full_scan_stats,1,0.004450959000678267,2025,1.4861465820067679,1.4905975410074461,3,1.0,0.5238095238095238,1.5074739456176758
23,MATHE,random_10,10,0.8,method1_full_scan,10,0.05835041601676494,20255,103.62845791698055,103.68680833299732,4,1.0,0.4880952380952381,1001.3059537410736
23,MATHE,random_10,10,0.8,method1_full_scan_stats,1,0.005186875001527369,2025,1.4851492079978925,1.4903360829994199,3,1.0,0.5238095238095238,1.5077381134033203
23,MATHE,random_10,10,0.9,method1_full_scan,10,0.05468524901516503,20255,103.6979473750107,103.75263262402586,4,1.0,0.4880952380952381,103.75829815864563
23,MATHE,random_10,10,0.9,method1_full_scan_stats,1,0.005112040998938028,2025,1.4940502910030773,1.4991623320020153,3,1.0,0.5238095238095238,1.5161280632019043
23,MATHE,random_100,100,0.7,method1_full_scan,100,0.2563715819705976,20255,114.74586803802231,115.0022396199929,3,1.0,0.5238095238095238,322.9261429309845
23,MATHE,random_100,100,0.7,method1_full_scan_stats,2,0.013469208002788946,406,0.1688485420017969,0.18231775000458583,3,1.0,0.5238095238095238,0.30701327323913574
23,MATHE,random_100,100,0.8,method1_full_scan,100,0.36168949404964224,20255,116.22517579395208,116.58686528800172,3,1.0,0.5238095238095238,116.63326811790466
23,MATHE,random_100,100,0.8,method1_full_scan_stats,2,0.006864290997327771,406,0.15981820899469312,0.1666824999920209,3,1.0,0.5238095238095238,0.27752089500427246
23,MATHE,random_100,100,0.9,method1_full_scan,100,0.29546770598972216,20255,113.02724466397922,113.32271236996894,3,1.0,0.5238095238095238,113.36866617202759
23,MATHE,random_100,100,0.9,method1_full_scan_stats,2,0.006829207995906472,406,0.16190608400211204,0.1687352919980185,3,1.0,0.5238095238095238,0.2792539596557617
23,MATHE,random_20,20,0.7,method1_full_scan,20,0.07849400000122841,20255,109.07179233401257,109.1502863340138,4,1.0,0.5119047619047619,109.16673588752747
23,MATHE,random_20,20,0.7,method1_full_scan_stats,1,0.00436374999844702,1013,0.5644178750007995,0.5687816249992466,3,1.0,0.5238095238095238,0.595869779586792
23,MATHE,random_20,20,0.8,method1_full_scan,20,0.08564246202877257,20255,116.124601497002,116.21024395903078,4,1.0,0.5119047619047619,116.2251181602478
23,MATHE,random_20,20,0.8,method1_full_scan_stats,1,0.004855875005887356,1013,0.5542407089960761,0.5590965840019635,3,1.0,0.5238095238095238,0.5907089710235596
23,MATHE,random_20,20,0.9,method1_full_scan,20,0.08198437200917397,20255,117.7573102509923,117.83929462300148,4,1.0,0.5119047619047619,117.85131597518921
23,MATHE,random_20,20,0.9,method1_full_scan_stats,1,0.004411916997923981,1013,0.5418167509924388,0.5462286679903627,3,1.0,0.5238095238095238,0.5770580768585205
23,MATHE,random_5,5,0.7,method1_full_scan,5,0.0422159589943476,20255,113.23943887501082,113.28165483400517,4,1.0,0.5238095238095238,113.28855681419373
23,MATHE,random_5,5,0.7,method1_full_scan_stats,1,0.009990332997404039,4051,5.003390582998691,5.013380915996095,4,1.0,0.5238095238095238,5.0292298793792725
23,MATHE,random_5,5,0.8,method1_full_scan,5,0.04682779200084042,20255,115.47088091498881,115.51770870698965,4,1.0,0.5238095238095238,115.52756714820862
23,MATHE,random_5,5,0.8,method1_full_scan_stats,1,0.008025374998396728,4051,5.0565997079975205,5.064625082995917,4,1.0,0.5238095238095238,5.07756495475769
23,MATHE,random_5,5,0.9,method1_full_scan,5,0.04144287399685709,20255,116.13552579201496,116.17696866601182,4,1.0,0.5238095238095238,116.18124628067017
23,MATHE,random_5,5,0.9,method1_full_scan_stats,1,0.008359915998880751,4051,5.372575291999965,5.380935207998846,4,1.0,0.5238095238095238,5.395044803619385
23,MATHE,skewed_10,10,0.7,method1_full_scan,10,0.058709792006993666,20254,117.41889008299768,117.47759987500467,3,1.0,0.4523809523809524,117.48839902877808
23,MATHE,skewed_10,10,0.7,method1_full_scan_stats,1,0.010813250002684072,4726,6.841500832008023,6.852314082010707,3,1.0,0.4523809523809524,6.872690916061401
23,MATHE,skewed_10,10,0.8,method1_full_scan,10,0.05597770899476018,20254,117.71067096099432,117.76664866998908,3,1.0,0.4523809523809524,117.7743501663208
23,MATHE,skewed_10,10,0.8,method1_full_scan_stats,1,0.01033912500133738,4726,7.116167375002988,7.126506500004325,3,1.0,0.4523809523809524,7.1451311111450195
23,MATHE,skewed_10,10,0.9,method1_full_scan,10,0.060651539992250036,20254,116.62844008399406,116.68909162398631,3,1.0,0.4523809523809524,116.69801998138428
23,MATHE,skewed_10,10,0.9,method1_full_scan_stats,1,0.009296083997469395,4726,7.0075452079981915,7.016841291995661,3,1.0,0.4523809523809524,7.034389019012451
23,MATHE,skewed_100,100,0.7,method1_full_scan,100,0.27489313000114635,20180,118.29555937795521,118.57045250795636,3,1.0,0.5238095238095238,118.64428496360779
23,MATHE,skewed_100,100,0.7,method1_full_scan_stats,2,0.007770959004119504,944,0.49480295900139026,0.5025739180055098,4,1.0,0.5595238095238095,0.6174609661102295
23,MATHE,skewed_100,100,0.8,method1_full_scan,100,0.31067583304684376,20180,118.67326162799145,118.9839374610383,3,1.0,0.5238095238095238,119.02529096603394
23,MATHE,skewed_100,100,0.8,method1_full_scan_stats,2,0.00946750000002794,944,0.5340124579961412,0.5434799579961691,4,1.0,0.5595238095238095,0.6612300872802734
23,MATHE,skewed_100,100,0.9,method1_full_scan,100,0.3641294179687975,20180,117.04504620603984,117.40917562400864,3,1.0,0.5238095238095238,117.45685887336731
23,MATHE,skewed_100,100,0.9,method1_full_scan_stats,2,0.009698917005152907,944,0.5085634169954574,0.5182623340006103,4,1.0,0.5595238095238095,0.6452288627624512
23,MATHE,skewed_20,20,0.7,method1_full_scan,20,0.10204591601359425,20254,112.03757291798684,112.13961883400043,4,1.0,0.4880952380952381,112.15934491157532
23,MATHE,skewed_20,20,0.7,method1_full_scan_stats,1,0.006728000000293832,2363,1.9891320840033586,1.9958600840036524,3,1.0,0.5238095238095238,2.0243980884552
23,MATHE,skewed_20,20,0.8,method1_full_scan,20,0.08350875299947802,20254,112.5949308729978,112.67843962599727,4,1.0,0.4880952380952381,112.68961906433105
23,MATHE,skewed_20,20,0.8,method1_full_scan_stats,1,0.006540916998346802,2363,1.9681298749928828,1.9746707919912296,3,1.0,0.5238095238095238,2.0035898685455322
23,MATHE,skewed_20,20,0.9,method1_full_scan,20,0.08385312301106751,20254,104.98101712399512,105.06487024700618,4,1.0,0.4880952380952381,105.07457709312439
23,MATHE,skewed_20,20,0.9,method1_full_scan_stats,1,0.005633375003526453,2363,1.9557953320036177,1.9614287070071441,3,1.0,0.5238095238095238,1.9880468845367432
23,MATHE,skewed_5,5,0.7,method1_full_scan,5,0.042454165006347466,20254,110.49262949999684,110.53508366500319,3,1.0,0.5238095238095238,110.54184412956238
23,MATHE,skewed_5,5,0.7,method1_full_scan_stats,1,0.01866379100101767,14178,55.40639191700029,55.42505570800131,3,1.0,0.5238095238095238,55.43600368499756
23,MATHE,skewed_5,5,0.8,method1_full_scan,5,0.04336404200876132,20254,113.77171050100878,113.81507454301754,3,1.0,0.5238095238095238,113.82148027420044
23,MATHE,skewed_5,5,0.8,method1_full_scan_stats,1,0.02747220799938077,14178,54.10896024999238,54.13643245799176,3,1.0,0.5238095238095238,54.148582220077515
23,MATHE,skewed_5,5,0.9,method1_full_scan,5,0.042800749994057696,20254,105.70068249899487,105.74348324898892,3,1.0,0.5238095238095238,105.75040483474731
23,MATHE,skewed_5,5,0.9,method1_full_scan_stats,1,0.028438000001187902,14178,54.33394495800894,54.36238295801013,3,1.0,0.5238095238095238,54.37765598297119
23,MATHE,high_penalty_20,20,0.7,method1_full_scan,20,0.08199704402068164,20255,109.98017458402319,110.06217162804387,4,1.0,0.5119047619047619,110.0790798664093
23,MATHE,high_penalty_20,20,0.7,method1_full_scan_stats,1,0.005039042000134941,1013,0.5531363329937449,0.5581753749938798,3,1.0,0.5238095238095238,0.5889220237731934
23,MATHE,high_penalty_20,20,0.8,method1_full_scan,20,0.08875112499663373,20255,110.65597821002302,110.74472933501966,4,1.0,0.5119047619047619,110.75624227523804
23,MATHE,high_penalty_20,20,0.8,method1_full_scan_stats,1,0.005051375002949499,1013,0.5455251659950591,0.5505765409980086,3,1.0,0.5238095238095238,0.5824921131134033
23,MATHE,high_penalty_20,20,0.9,method1_full_scan,20,0.08262095800455427,20255,106.8787016710121,106.96132262901665,4,1.0,0.5119047619047619,106.97591090202332
23,MATHE,high_penalty_20,20,0.9,method1_full_scan_stats,1,0.005195082994760014,1013,0.5307856669969624,0.5359807499917224,3,1.0,0.5238095238095238,0.5706579685211182
23,MATHE,high_penalty_5,5,0.7,method1_full_scan,5,0.04500012600328773,20255,107.71775324900227,107.76275337500556,4,1.0,0.5238095238095238,107.77118301391602
23,MATHE,high_penalty_5,5,0.7,method1_full_scan_stats,1,0.016012916996260174,4051,4.927270124993811,4.943283041990071,4,1.0,0.5238095238095238,4.956171751022339
23,MATHE,high_penalty_5,5,0.8,method1_full_scan,5,0.03884995899716159,20255,120.96501579200412,121.00386575100129,4,1.0,0.5238095238095238,121.02499008178711
23,MATHE,high_penalty_5,5,0.8,method1_full_scan_stats,1,0.015729875005490612,4051,5.143597750000481,5.159327625005972,4,1.0,0.5238095238095238,5.2414021492004395
23,MATHE,high_penalty_5,5,0.9,method1_full_scan,5,0.03824404100305401,20255,108.3139310829938,108.35217512399686,4,1.0,0.5238095238095238,108.35706806182861
23,MATHE,high_penalty_5,5,0.9,method1_full_scan_stats,1,0.009100625000428408,4051,4.930833041995356,4.939933666995785,4,1.0,0.5238095238095238,4.95567703247070323
23,MATHE,low_coverage_20,20,0.7,method1_full_scan,20,0.0754735429873108,20255,0.38891732999763917,0.46439087298494997,0,0.0,0.0,0.4899759292602539
23,MATHE,low_coverage_20,20,0.7,method1_full_scan,20,0.07888712502608541,20255,0.38658183098596055,0.46546895601204596,0,0.0,0.0,0.49490785598754883
23,MATHE,low_coverage_20,20,0.7,method1_full_scan_stats,0,0.0,0,0.0,0.0,0,0,0,0.01861715316772461
23,MATHE,low_coverage_20,20,0.8,method1_full_scan,20,0.06614012300269678,20255,0.3940914139893721,0.46023153699206887,0,0.0,0.0,0.4745609760284424
23,MATHE,low_coverage_20,20,0.8,method1_full_scan_stats,0,0.0,0,0.0,0.0,0,0,0,0.019530057907104492
23,MATHE,low_coverage_20,20,0.9,method1_full_scan,20,0.06288074899202911,20255,0.3879199150032946,0.4508006639953237,0,0.0,0.0,0.4652707576751709
23,MATHE,low_coverage_20,20,0.9,method1_full_scan_stats,0,0.0,0,0.0,0.0,0,0,0,0.018011808395385742
23,MATHE,low_coverage_5,5,0.7,method1_full_scan,5,0.03619625000283122,20255,0.38031033399602165,0.4165065839988529,0,0.0,0.0,0.42708396911621094
23,MATHE,low_coverage_5,5,0.7,method1_full_scan_stats,0,0.0,0,0.0,0.0,0,0,0,0.010025262832641602
23,MATHE,low_coverage_5,5,0.8,method1_full_scan,5,0.030290541995782405,20255,0.38633787599246716,0.41662841798824957,0,0.0,0.0,0.4259340763092041
23,MATHE,low_coverage_5,5,0.8,method1_full_scan_stats,0,0.0,0,0.0,0.0,0,0,0,0.011566877365112305
23,MATHE,low_coverage_5,5,0.9,method1_full_scan,5,0.029599292000057176,20255,0.382128625002224,0.4117279170022812,0,0.0,0.0,0.42117881774902344
23,MATHE,low_coverage_5,5,0.9,method1_full_scan_stats,0,0.0,0,0.0,0.0,0,0,0,0.009699106216430664
23,MATHE,low_penalty_20,20,0.7,method1_full_scan,20,0.08120591399347177,20256,101.97151449900412,102.05272041299759,1,1.0,0.0,102.0709969997406
23,MATHE,low_penalty_20,20,0.7,method1_full_scan_stats,1,0.0050466249958844855,1013,0.5226510829961626,0.5276977079920471,4,1.0,0.6071428571428571,0.5552928447723389
23,MATHE,low_penalty_20,20,0.8,method1_full_scan,20,0.07936599999811733,20256,102.25291495600686,102.33228095600498,1,1.0,0.0,102.34246325492859
23,MATHE,low_penalty_20,20,0.8,method1_full_scan_stats,1,0.004900291001831647,1013,0.5272697910040733,0.532170082005905,4,1.0,0.6071428571428571,0.5613918304443359
23,MATHE,low_penalty_20,20,0.9,method1_full_scan,20,0.08152216798771406,20256,102.28165054201963,102.36317271000735,1,1.0,0.0,102.3733901977539
23,MATHE,low_penalty_20,20,0.9,method1_full_scan_stats,1,0.005842915998073295,1013,0.5237817489978625,0.5296246649959357,4,1.0,0.6071428571428571,0.5582499504089355
23,MATHE,low_penalty_5,5,0.7,method1_full_scan,5,0.04129250099504134,20256,101.5065867489975,101.54787924999255,1,1.0,0.0,101.55394101142883
23,MATHE,low_penalty_5,5,0.7,method1_full_scan_stats,1,0.0085121669981163,4052,4.8877907499918365,4.896302916989953,4,1.0,0.6071428571428571,4.912345886230469
23,MATHE,low_penalty_5,5,0.8,method1_full_scan,5,0.03914845899998909,20256,103.34128162600973,103.38043008500972,1,1.0,0.0,103.38542795181274
23,MATHE,low_penalty_5,5,0.8,method1_full_scan_stats,1,0.009648666993598454,4052,4.991759416996501,5.0014080839901,4,1.0,0.6071428571428571,5.015060901641846
23,MATHE,low_penalty_5,5,0.9,method1_full_scan,5,0.03969900100491941,20256,106.39054991699959,106.43024891800451,1,1.0,0.0,106.4424409866333
23,MATHE,low_penalty_5,5,0.9,method1_full_scan_stats,1,0.009400374998222105,4052,5.016714042998501,5.026114417996723,4,1.0,0.6071428571428571,5.040493011474609
